Campaign,Extension Type,Sitelink Text,Sitelink Description 1,Sitelink Description 2,Sitelink Final URL,Callout Text,Phone Number,Call Extension Country Code
Nalanda Enterprises - Corporate Gifting India,Sitelink,Diwali Corporate Gifts 2026,Best Diwali gift ideas by budget,WhatsApp: +91-9115513366,https://corporategiftingindia.co/blog/diwali-corporate-gifts-india/,,,
Nalanda Enterprises - Corporate Gifting India,Sitelink,boAt Bulk Gifting,"1,800+ boAt products for corporate use",WhatsApp: +91-9115513366,https://corporategiftingindia.co/brands/boat/,,,
Nalanda Enterprises - Corporate Gifting India,Sitelink,"Budget Under ₹1,000",Best gifts under Rs 1000 in bulk,WhatsApp: +91-9115513366,https://corporategiftingindia.co/budget/under-1000/,,,
Nalanda Enterprises - Corporate Gifting India,Sitelink,Employee Gift Ideas,30 gifts for employees — all budgets,WhatsApp: +91-9115513366,https://corporategiftingindia.co/blog/corporate-gifting-ideas-employees-india/,,,
Nalanda Enterprises - Corporate Gifting India,Sitelink,Full Product Catalog,"13,000+ products from 74 brands",WhatsApp: +91-9115513366,https://corporategiftingindia.co/,,,
Nalanda Enterprises - Corporate Gifting India,Sitelink,How to Buy Bulk Gifts,Step-by-step procurement guide,WhatsApp: +91-9115513366,https://corporategiftingindia.co/blog/how-to-buy-bulk-corporate-gifts-india/,,,
Nalanda Enterprises - Corporate Gifting India,Sitelink,Smartwatch Gifts Bulk,Noise & boAt smartwatches in bulk,WhatsApp: +91-9115513366,https://corporategiftingindia.co/corporate-gifts/smartwatch-gifts/,,,
Nalanda Enterprises - Corporate Gifting India,Sitelink,Audio Gift Bundles,Earbuds & speakers for offices,WhatsApp: +91-9115513366,https://corporategiftingindia.co/corporate-gifts/audio-gifts/,,,
Nalanda Enterprises - Corporate Gifting India,Callout,,,,,MOQ Just 10 Units,,
Nalanda Enterprises - Corporate Gifting India,Callout,,,,,Pan-India Delivery,,
Nalanda Enterprises - Corporate Gifting India,Callout,,,,,74 Top Brands Listed,,
Nalanda Enterprises - Corporate Gifting India,Callout,,,,,"13,000+ Products",,
Nalanda Enterprises - Corporate Gifting India,Callout,,,,,Free Bulk Quote in 30 Min,,
Nalanda Enterprises - Corporate Gifting India,Callout,,,,,No Hidden Charges,,
Nalanda Enterprises - Corporate Gifting India,Callout,,,,,Same Day Dispatch,,
Nalanda Enterprises - Corporate Gifting India,Callout,,,,,Authorised Gifting Partner,,
Nalanda Enterprises - Corporate Gifting India,Callout,,,,,Customised Branding Available,,
Nalanda Enterprises - Corporate Gifting India,Callout,,,,,Diwali 2026 Orders Open,,
Nalanda Enterprises - Corporate Gifting India,Call,,,,,,+91-9115513366,IN
