Campaign,Ad Group,Keyword,Match Type,Suggested Max CPC (INR),Final URL
Nalanda Enterprises - Corporate Gifting India,Brand - boAt,boat corporate gifts,Exact,45,https://corporategiftingindia.co/brands/boat/
Nalanda Enterprises - Corporate Gifting India,Brand - boAt,boat corporate gifts,Broad Match Modifier,35,https://corporategiftingindia.co/brands/boat/
Nalanda Enterprises - Corporate Gifting India,Brand - boAt,boat earbuds bulk order,Exact,45,https://corporategiftingindia.co/brands/boat/
Nalanda Enterprises - Corporate Gifting India,Brand - boAt,boat earbuds bulk order,Broad Match Modifier,35,https://corporategiftingindia.co/brands/boat/
Nalanda Enterprises - Corporate Gifting India,Brand - boAt,boat headphones corporate gifting,Exact,45,https://corporategiftingindia.co/brands/boat/
Nalanda Enterprises - Corporate Gifting India,Brand - boAt,boat headphones corporate gifting,Broad Match Modifier,35,https://corporategiftingindia.co/brands/boat/
Nalanda Enterprises - Corporate Gifting India,Brand - boAt,boat wireless earbuds office gift,Exact,35,https://corporategiftingindia.co/brands/boat/
Nalanda Enterprises - Corporate Gifting India,Brand - boAt,boat wireless earbuds office gift,Broad Match Modifier,25,https://corporategiftingindia.co/brands/boat/
Nalanda Enterprises - Corporate Gifting India,Brand - boAt,buy boat earphones in bulk,Exact,45,https://corporategiftingindia.co/brands/boat/
Nalanda Enterprises - Corporate Gifting India,Brand - boAt,buy boat earphones in bulk,Broad Match Modifier,35,https://corporategiftingindia.co/brands/boat/
Nalanda Enterprises - Corporate Gifting India,Brand - boAt,boat bassheads bulk,Exact,45,https://corporategiftingindia.co/brands/boat/
Nalanda Enterprises - Corporate Gifting India,Brand - boAt,boat bassheads bulk,Broad Match Modifier,35,https://corporategiftingindia.co/brands/boat/
Nalanda Enterprises - Corporate Gifting India,Brand - boAt,boat rockerz corporate,Exact,45,https://corporategiftingindia.co/brands/boat/
Nalanda Enterprises - Corporate Gifting India,Brand - boAt,boat rockerz corporate,Broad Match Modifier,35,https://corporategiftingindia.co/brands/boat/
Nalanda Enterprises - Corporate Gifting India,Brand - boAt,boat airdopes office gift india,Exact,35,https://corporategiftingindia.co/brands/boat/
Nalanda Enterprises - Corporate Gifting India,Brand - boAt,boat airdopes office gift india,Broad Match Modifier,25,https://corporategiftingindia.co/brands/boat/
Nalanda Enterprises - Corporate Gifting India,Brand - Portronics,portronics corporate gifts,Exact,45,https://corporategiftingindia.co/brands/portronics/
Nalanda Enterprises - Corporate Gifting India,Brand - Portronics,portronics corporate gifts,Broad Match Modifier,35,https://corporategiftingindia.co/brands/portronics/
Nalanda Enterprises - Corporate Gifting India,Brand - Portronics,portronics bulk order,Exact,45,https://corporategiftingindia.co/brands/portronics/
Nalanda Enterprises - Corporate Gifting India,Brand - Portronics,portronics bulk order,Broad Match Modifier,35,https://corporategiftingindia.co/brands/portronics/
Nalanda Enterprises - Corporate Gifting India,Brand - Portronics,portronics bluetooth speaker gift,Exact,35,https://corporategiftingindia.co/brands/portronics/
Nalanda Enterprises - Corporate Gifting India,Brand - Portronics,portronics bluetooth speaker gift,Broad Match Modifier,25,https://corporategiftingindia.co/brands/portronics/
Nalanda Enterprises - Corporate Gifting India,Brand - Portronics,portronics wireless charger bulk,Exact,45,https://corporategiftingindia.co/brands/portronics/
Nalanda Enterprises - Corporate Gifting India,Brand - Portronics,portronics wireless charger bulk,Broad Match Modifier,35,https://corporategiftingindia.co/brands/portronics/
Nalanda Enterprises - Corporate Gifting India,Brand - Portronics,portronics sound drum corporate,Exact,45,https://corporategiftingindia.co/brands/portronics/
Nalanda Enterprises - Corporate Gifting India,Brand - Portronics,portronics sound drum corporate,Broad Match Modifier,35,https://corporategiftingindia.co/brands/portronics/
Nalanda Enterprises - Corporate Gifting India,Brand - Portronics,portronics por bulk india,Exact,45,https://corporategiftingindia.co/brands/portronics/
Nalanda Enterprises - Corporate Gifting India,Brand - Portronics,portronics por bulk india,Broad Match Modifier,35,https://corporategiftingindia.co/brands/portronics/
Nalanda Enterprises - Corporate Gifting India,Brand - Noise,noise corporate gifts,Exact,45,https://corporategiftingindia.co/brands/noise/
Nalanda Enterprises - Corporate Gifting India,Brand - Noise,noise corporate gifts,Broad Match Modifier,35,https://corporategiftingindia.co/brands/noise/
Nalanda Enterprises - Corporate Gifting India,Brand - Noise,noise smartwatch bulk order,Exact,45,https://corporategiftingindia.co/brands/noise/
Nalanda Enterprises - Corporate Gifting India,Brand - Noise,noise smartwatch bulk order,Broad Match Modifier,35,https://corporategiftingindia.co/brands/noise/
Nalanda Enterprises - Corporate Gifting India,Brand - Noise,noise colorfit corporate,Exact,45,https://corporategiftingindia.co/brands/noise/
Nalanda Enterprises - Corporate Gifting India,Brand - Noise,noise colorfit corporate,Broad Match Modifier,35,https://corporategiftingindia.co/brands/noise/
Nalanda Enterprises - Corporate Gifting India,Brand - Noise,noise watch employee gift,Exact,35,https://corporategiftingindia.co/brands/noise/
Nalanda Enterprises - Corporate Gifting India,Brand - Noise,noise watch employee gift,Broad Match Modifier,25,https://corporategiftingindia.co/brands/noise/
Nalanda Enterprises - Corporate Gifting India,Brand - Noise,noise earbuds office gifting,Exact,35,https://corporategiftingindia.co/brands/noise/
Nalanda Enterprises - Corporate Gifting India,Brand - Noise,noise earbuds office gifting,Broad Match Modifier,25,https://corporategiftingindia.co/brands/noise/
Nalanda Enterprises - Corporate Gifting India,Brand - Noise,noise pro 4 bulk,Exact,45,https://corporategiftingindia.co/brands/noise/
Nalanda Enterprises - Corporate Gifting India,Brand - Noise,noise pro 4 bulk,Broad Match Modifier,35,https://corporategiftingindia.co/brands/noise/
Nalanda Enterprises - Corporate Gifting India,Brand - Samsung,samsung corporate gifts india,Exact,45,https://corporategiftingindia.co/brands/samsung/
Nalanda Enterprises - Corporate Gifting India,Brand - Samsung,samsung corporate gifts india,Broad Match Modifier,35,https://corporategiftingindia.co/brands/samsung/
Nalanda Enterprises - Corporate Gifting India,Brand - Samsung,samsung smartphone bulk order,Exact,45,https://corporategiftingindia.co/brands/samsung/
Nalanda Enterprises - Corporate Gifting India,Brand - Samsung,samsung smartphone bulk order,Broad Match Modifier,35,https://corporategiftingindia.co/brands/samsung/
Nalanda Enterprises - Corporate Gifting India,Brand - Samsung,samsung galaxy a series bulk,Exact,45,https://corporategiftingindia.co/brands/samsung/
Nalanda Enterprises - Corporate Gifting India,Brand - Samsung,samsung galaxy a series bulk,Broad Match Modifier,35,https://corporategiftingindia.co/brands/samsung/
Nalanda Enterprises - Corporate Gifting India,Brand - Samsung,samsung tab bulk office,Exact,45,https://corporategiftingindia.co/brands/samsung/
Nalanda Enterprises - Corporate Gifting India,Brand - Samsung,samsung tab bulk office,Broad Match Modifier,35,https://corporategiftingindia.co/brands/samsung/
Nalanda Enterprises - Corporate Gifting India,Brand - Samsung,samsung earbuds bulk gifting,Exact,45,https://corporategiftingindia.co/brands/samsung/
Nalanda Enterprises - Corporate Gifting India,Brand - Samsung,samsung earbuds bulk gifting,Broad Match Modifier,35,https://corporategiftingindia.co/brands/samsung/
Nalanda Enterprises - Corporate Gifting India,Brand - Samsung,samsung tablet corporate,Exact,45,https://corporategiftingindia.co/brands/samsung/
Nalanda Enterprises - Corporate Gifting India,Brand - Samsung,samsung tablet corporate,Broad Match Modifier,35,https://corporategiftingindia.co/brands/samsung/
Nalanda Enterprises - Corporate Gifting India,Brand - Swiss Military,swiss military corporate gifts,Exact,45,https://corporategiftingindia.co/brands/swiss-military/
Nalanda Enterprises - Corporate Gifting India,Brand - Swiss Military,swiss military corporate gifts,Broad Match Modifier,35,https://corporategiftingindia.co/brands/swiss-military/
Nalanda Enterprises - Corporate Gifting India,Brand - Swiss Military,swiss military laptop bag bulk,Exact,45,https://corporategiftingindia.co/brands/swiss-military/
Nalanda Enterprises - Corporate Gifting India,Brand - Swiss Military,swiss military laptop bag bulk,Broad Match Modifier,35,https://corporategiftingindia.co/brands/swiss-military/
Nalanda Enterprises - Corporate Gifting India,Brand - Swiss Military,swiss military bag office gift,Exact,35,https://corporategiftingindia.co/brands/swiss-military/
Nalanda Enterprises - Corporate Gifting India,Brand - Swiss Military,swiss military bag office gift,Broad Match Modifier,25,https://corporategiftingindia.co/brands/swiss-military/
Nalanda Enterprises - Corporate Gifting India,Brand - Swiss Military,swiss military backpack corporate india,Exact,45,https://corporategiftingindia.co/brands/swiss-military/
Nalanda Enterprises - Corporate Gifting India,Brand - Swiss Military,swiss military backpack corporate india,Broad Match Modifier,35,https://corporategiftingindia.co/brands/swiss-military/
Nalanda Enterprises - Corporate Gifting India,Brand - Swiss Military,swiss military gifts india bulk,Exact,45,https://corporategiftingindia.co/brands/swiss-military/
Nalanda Enterprises - Corporate Gifting India,Brand - Swiss Military,swiss military gifts india bulk,Broad Match Modifier,35,https://corporategiftingindia.co/brands/swiss-military/
Nalanda Enterprises - Corporate Gifting India,Brand - Cello,cello corporate gifts,Exact,45,https://corporategiftingindia.co/brands/cello/
Nalanda Enterprises - Corporate Gifting India,Brand - Cello,cello corporate gifts,Broad Match Modifier,35,https://corporategiftingindia.co/brands/cello/
Nalanda Enterprises - Corporate Gifting India,Brand - Cello,cello water bottle bulk,Exact,45,https://corporategiftingindia.co/brands/cello/
Nalanda Enterprises - Corporate Gifting India,Brand - Cello,cello water bottle bulk,Broad Match Modifier,35,https://corporategiftingindia.co/brands/cello/
Nalanda Enterprises - Corporate Gifting India,Brand - Cello,cello insulated bottle office gift,Exact,35,https://corporategiftingindia.co/brands/cello/
Nalanda Enterprises - Corporate Gifting India,Brand - Cello,cello insulated bottle office gift,Broad Match Modifier,25,https://corporategiftingindia.co/brands/cello/
Nalanda Enterprises - Corporate Gifting India,Brand - Cello,cello flask corporate gifting,Exact,45,https://corporategiftingindia.co/brands/cello/
Nalanda Enterprises - Corporate Gifting India,Brand - Cello,cello flask corporate gifting,Broad Match Modifier,35,https://corporategiftingindia.co/brands/cello/
Nalanda Enterprises - Corporate Gifting India,Brand - Cello,cello thermos bulk order india,Exact,45,https://corporategiftingindia.co/brands/cello/
Nalanda Enterprises - Corporate Gifting India,Brand - Cello,cello thermos bulk order india,Broad Match Modifier,35,https://corporategiftingindia.co/brands/cello/
Nalanda Enterprises - Corporate Gifting India,Brand - Usha,usha corporate gifts,Exact,45,https://corporategiftingindia.co/brands/usha/
Nalanda Enterprises - Corporate Gifting India,Brand - Usha,usha corporate gifts,Broad Match Modifier,35,https://corporategiftingindia.co/brands/usha/
Nalanda Enterprises - Corporate Gifting India,Brand - Usha,usha iron bulk order,Exact,45,https://corporategiftingindia.co/brands/usha/
Nalanda Enterprises - Corporate Gifting India,Brand - Usha,usha iron bulk order,Broad Match Modifier,35,https://corporategiftingindia.co/brands/usha/
Nalanda Enterprises - Corporate Gifting India,Brand - Usha,usha kettle corporate gift,Exact,45,https://corporategiftingindia.co/brands/usha/
Nalanda Enterprises - Corporate Gifting India,Brand - Usha,usha kettle corporate gift,Broad Match Modifier,35,https://corporategiftingindia.co/brands/usha/
Nalanda Enterprises - Corporate Gifting India,Brand - Usha,usha fan office gift,Exact,35,https://corporategiftingindia.co/brands/usha/
Nalanda Enterprises - Corporate Gifting India,Brand - Usha,usha fan office gift,Broad Match Modifier,25,https://corporategiftingindia.co/brands/usha/
Nalanda Enterprises - Corporate Gifting India,Brand - Usha,usha juicer mixer bulk india,Exact,45,https://corporategiftingindia.co/brands/usha/
Nalanda Enterprises - Corporate Gifting India,Brand - Usha,usha juicer mixer bulk india,Broad Match Modifier,35,https://corporategiftingindia.co/brands/usha/
Nalanda Enterprises - Corporate Gifting India,Brand - Usha,usha appliances corporate gifting,Exact,45,https://corporategiftingindia.co/brands/usha/
Nalanda Enterprises - Corporate Gifting India,Brand - Usha,usha appliances corporate gifting,Broad Match Modifier,35,https://corporategiftingindia.co/brands/usha/
Nalanda Enterprises - Corporate Gifting India,Brand - Lifelong,lifelong corporate gifts,Exact,45,https://corporategiftingindia.co/brands/lifelong/
Nalanda Enterprises - Corporate Gifting India,Brand - Lifelong,lifelong corporate gifts,Broad Match Modifier,35,https://corporategiftingindia.co/brands/lifelong/
Nalanda Enterprises - Corporate Gifting India,Brand - Lifelong,lifelong sandwich maker bulk,Exact,45,https://corporategiftingindia.co/brands/lifelong/
Nalanda Enterprises - Corporate Gifting India,Brand - Lifelong,lifelong sandwich maker bulk,Broad Match Modifier,35,https://corporategiftingindia.co/brands/lifelong/
Nalanda Enterprises - Corporate Gifting India,Brand - Lifelong,lifelong toaster corporate gift,Exact,45,https://corporategiftingindia.co/brands/lifelong/
Nalanda Enterprises - Corporate Gifting India,Brand - Lifelong,lifelong toaster corporate gift,Broad Match Modifier,35,https://corporategiftingindia.co/brands/lifelong/
Nalanda Enterprises - Corporate Gifting India,Brand - Lifelong,lifelong hand blender office,Exact,35,https://corporategiftingindia.co/brands/lifelong/
Nalanda Enterprises - Corporate Gifting India,Brand - Lifelong,lifelong hand blender office,Broad Match Modifier,25,https://corporategiftingindia.co/brands/lifelong/
Nalanda Enterprises - Corporate Gifting India,Brand - Lifelong,lifelong appliances bulk india,Exact,45,https://corporategiftingindia.co/brands/lifelong/
Nalanda Enterprises - Corporate Gifting India,Brand - Lifelong,lifelong appliances bulk india,Broad Match Modifier,35,https://corporategiftingindia.co/brands/lifelong/
Nalanda Enterprises - Corporate Gifting India,Brand - Haier,haier corporate gifts,Exact,45,https://corporategiftingindia.co/brands/haier/
Nalanda Enterprises - Corporate Gifting India,Brand - Haier,haier corporate gifts,Broad Match Modifier,35,https://corporategiftingindia.co/brands/haier/
Nalanda Enterprises - Corporate Gifting India,Brand - Haier,haier refrigerator bulk,Exact,45,https://corporategiftingindia.co/brands/haier/
Nalanda Enterprises - Corporate Gifting India,Brand - Haier,haier refrigerator bulk,Broad Match Modifier,35,https://corporategiftingindia.co/brands/haier/
Nalanda Enterprises - Corporate Gifting India,Brand - Haier,haier washing machine corporate,Exact,45,https://corporategiftingindia.co/brands/haier/
Nalanda Enterprises - Corporate Gifting India,Brand - Haier,haier washing machine corporate,Broad Match Modifier,35,https://corporategiftingindia.co/brands/haier/
Nalanda Enterprises - Corporate Gifting India,Brand - Haier,haier tv bulk order india,Exact,45,https://corporategiftingindia.co/brands/haier/
Nalanda Enterprises - Corporate Gifting India,Brand - Haier,haier tv bulk order india,Broad Match Modifier,35,https://corporategiftingindia.co/brands/haier/
Nalanda Enterprises - Corporate Gifting India,Brand - Haier,haier appliances office gift,Exact,35,https://corporategiftingindia.co/brands/haier/
Nalanda Enterprises - Corporate Gifting India,Brand - Haier,haier appliances office gift,Broad Match Modifier,25,https://corporategiftingindia.co/brands/haier/
Nalanda Enterprises - Corporate Gifting India,Brand - Bajaj,bajaj corporate gifts,Exact,45,https://corporategiftingindia.co/brands/bajaj/
Nalanda Enterprises - Corporate Gifting India,Brand - Bajaj,bajaj corporate gifts,Broad Match Modifier,35,https://corporategiftingindia.co/brands/bajaj/
Nalanda Enterprises - Corporate Gifting India,Brand - Bajaj,bajaj mixer grinder bulk,Exact,45,https://corporategiftingindia.co/brands/bajaj/
Nalanda Enterprises - Corporate Gifting India,Brand - Bajaj,bajaj mixer grinder bulk,Broad Match Modifier,35,https://corporategiftingindia.co/brands/bajaj/
Nalanda Enterprises - Corporate Gifting India,Brand - Bajaj,bajaj fan office gift,Exact,35,https://corporategiftingindia.co/brands/bajaj/
Nalanda Enterprises - Corporate Gifting India,Brand - Bajaj,bajaj fan office gift,Broad Match Modifier,25,https://corporategiftingindia.co/brands/bajaj/
Nalanda Enterprises - Corporate Gifting India,Brand - Bajaj,bajaj kettle corporate,Exact,45,https://corporategiftingindia.co/brands/bajaj/
Nalanda Enterprises - Corporate Gifting India,Brand - Bajaj,bajaj kettle corporate,Broad Match Modifier,35,https://corporategiftingindia.co/brands/bajaj/
Nalanda Enterprises - Corporate Gifting India,Brand - Bajaj,bajaj iron bulk india,Exact,45,https://corporategiftingindia.co/brands/bajaj/
Nalanda Enterprises - Corporate Gifting India,Brand - Bajaj,bajaj iron bulk india,Broad Match Modifier,35,https://corporategiftingindia.co/brands/bajaj/
Nalanda Enterprises - Corporate Gifting India,Brand - Bajaj,bajaj appliances gifting,Exact,35,https://corporategiftingindia.co/brands/bajaj/
Nalanda Enterprises - Corporate Gifting India,Brand - Bajaj,bajaj appliances gifting,Broad Match Modifier,25,https://corporategiftingindia.co/brands/bajaj/
Nalanda Enterprises - Corporate Gifting India,City - Delhi NCR,corporate gifts delhi,Exact,50,https://corporategiftingindia.co/corporate-gifts/corporate-gifts-delhi-ncr/
Nalanda Enterprises - Corporate Gifting India,City - Delhi NCR,corporate gifts delhi,Phrase,40,https://corporategiftingindia.co/corporate-gifts/corporate-gifts-delhi-ncr/
Nalanda Enterprises - Corporate Gifting India,City - Delhi NCR,corporate gifting delhi ncr,Exact,50,https://corporategiftingindia.co/corporate-gifts/corporate-gifts-delhi-ncr/
Nalanda Enterprises - Corporate Gifting India,City - Delhi NCR,corporate gifting delhi ncr,Phrase,40,https://corporategiftingindia.co/corporate-gifts/corporate-gifts-delhi-ncr/
Nalanda Enterprises - Corporate Gifting India,City - Delhi NCR,bulk corporate gifts delhi,Exact,50,https://corporategiftingindia.co/corporate-gifts/corporate-gifts-delhi-ncr/
Nalanda Enterprises - Corporate Gifting India,City - Delhi NCR,bulk corporate gifts delhi,Phrase,40,https://corporategiftingindia.co/corporate-gifts/corporate-gifts-delhi-ncr/
Nalanda Enterprises - Corporate Gifting India,City - Delhi NCR,diwali gifts delhi companies,Exact,55,https://corporategiftingindia.co/corporate-gifts/corporate-gifts-delhi-ncr/
Nalanda Enterprises - Corporate Gifting India,City - Delhi NCR,diwali gifts delhi companies,Phrase,45,https://corporategiftingindia.co/corporate-gifts/corporate-gifts-delhi-ncr/
Nalanda Enterprises - Corporate Gifting India,City - Delhi NCR,corporate gift supplier delhi,Exact,50,https://corporategiftingindia.co/corporate-gifts/corporate-gifts-delhi-ncr/
Nalanda Enterprises - Corporate Gifting India,City - Delhi NCR,corporate gift supplier delhi,Phrase,40,https://corporategiftingindia.co/corporate-gifts/corporate-gifts-delhi-ncr/
Nalanda Enterprises - Corporate Gifting India,City - Delhi NCR,office gifts delhi bulk,Exact,50,https://corporategiftingindia.co/corporate-gifts/corporate-gifts-delhi-ncr/
Nalanda Enterprises - Corporate Gifting India,City - Delhi NCR,office gifts delhi bulk,Phrase,40,https://corporategiftingindia.co/corporate-gifts/corporate-gifts-delhi-ncr/
Nalanda Enterprises - Corporate Gifting India,City - Delhi NCR,corporate gifting gurgaon,Exact,50,https://corporategiftingindia.co/corporate-gifts/corporate-gifts-delhi-ncr/
Nalanda Enterprises - Corporate Gifting India,City - Delhi NCR,corporate gifting gurgaon,Phrase,40,https://corporategiftingindia.co/corporate-gifts/corporate-gifts-delhi-ncr/
Nalanda Enterprises - Corporate Gifting India,City - Delhi NCR,corporate gifts noida,Exact,50,https://corporategiftingindia.co/corporate-gifts/corporate-gifts-delhi-ncr/
Nalanda Enterprises - Corporate Gifting India,City - Delhi NCR,corporate gifts noida,Phrase,40,https://corporategiftingindia.co/corporate-gifts/corporate-gifts-delhi-ncr/
Nalanda Enterprises - Corporate Gifting India,City - Delhi NCR,corporate gifts faridabad,Exact,50,https://corporategiftingindia.co/corporate-gifts/corporate-gifts-delhi-ncr/
Nalanda Enterprises - Corporate Gifting India,City - Delhi NCR,corporate gifts faridabad,Phrase,40,https://corporategiftingindia.co/corporate-gifts/corporate-gifts-delhi-ncr/
Nalanda Enterprises - Corporate Gifting India,City - Delhi NCR,corporate gifts ghaziabad,Exact,50,https://corporategiftingindia.co/corporate-gifts/corporate-gifts-delhi-ncr/
Nalanda Enterprises - Corporate Gifting India,City - Delhi NCR,corporate gifts ghaziabad,Phrase,40,https://corporategiftingindia.co/corporate-gifts/corporate-gifts-delhi-ncr/
Nalanda Enterprises - Corporate Gifting India,City - Mumbai,corporate gifts mumbai,Exact,50,https://corporategiftingindia.co/corporate-gifts/corporate-gifts-mumbai/
Nalanda Enterprises - Corporate Gifting India,City - Mumbai,corporate gifts mumbai,Phrase,40,https://corporategiftingindia.co/corporate-gifts/corporate-gifts-mumbai/
Nalanda Enterprises - Corporate Gifting India,City - Mumbai,bulk corporate gifts mumbai,Exact,50,https://corporategiftingindia.co/corporate-gifts/corporate-gifts-mumbai/
Nalanda Enterprises - Corporate Gifting India,City - Mumbai,bulk corporate gifts mumbai,Phrase,40,https://corporategiftingindia.co/corporate-gifts/corporate-gifts-mumbai/
Nalanda Enterprises - Corporate Gifting India,City - Mumbai,diwali gifting companies mumbai,Exact,55,https://corporategiftingindia.co/corporate-gifts/corporate-gifts-mumbai/
Nalanda Enterprises - Corporate Gifting India,City - Mumbai,diwali gifting companies mumbai,Phrase,45,https://corporategiftingindia.co/corporate-gifts/corporate-gifts-mumbai/
Nalanda Enterprises - Corporate Gifting India,City - Mumbai,corporate gift supplier mumbai,Exact,50,https://corporategiftingindia.co/corporate-gifts/corporate-gifts-mumbai/
Nalanda Enterprises - Corporate Gifting India,City - Mumbai,corporate gift supplier mumbai,Phrase,40,https://corporategiftingindia.co/corporate-gifts/corporate-gifts-mumbai/
Nalanda Enterprises - Corporate Gifting India,City - Mumbai,office gifts mumbai,Exact,50,https://corporategiftingindia.co/corporate-gifts/corporate-gifts-mumbai/
Nalanda Enterprises - Corporate Gifting India,City - Mumbai,office gifts mumbai,Phrase,40,https://corporategiftingindia.co/corporate-gifts/corporate-gifts-mumbai/
Nalanda Enterprises - Corporate Gifting India,City - Mumbai,corporate gifts navi mumbai,Exact,50,https://corporategiftingindia.co/corporate-gifts/corporate-gifts-mumbai/
Nalanda Enterprises - Corporate Gifting India,City - Mumbai,corporate gifts navi mumbai,Phrase,40,https://corporategiftingindia.co/corporate-gifts/corporate-gifts-mumbai/
Nalanda Enterprises - Corporate Gifting India,City - Mumbai,corporate gifting thane,Exact,50,https://corporategiftingindia.co/corporate-gifts/corporate-gifts-mumbai/
Nalanda Enterprises - Corporate Gifting India,City - Mumbai,corporate gifting thane,Phrase,40,https://corporategiftingindia.co/corporate-gifts/corporate-gifts-mumbai/
Nalanda Enterprises - Corporate Gifting India,City - Bangalore,corporate gifts bangalore,Exact,50,https://corporategiftingindia.co/corporate-gifts/corporate-gifts-bangalore/
Nalanda Enterprises - Corporate Gifting India,City - Bangalore,corporate gifts bangalore,Phrase,40,https://corporategiftingindia.co/corporate-gifts/corporate-gifts-bangalore/
Nalanda Enterprises - Corporate Gifting India,City - Bangalore,bulk corporate gifts bangalore,Exact,50,https://corporategiftingindia.co/corporate-gifts/corporate-gifts-bangalore/
Nalanda Enterprises - Corporate Gifting India,City - Bangalore,bulk corporate gifts bangalore,Phrase,40,https://corporategiftingindia.co/corporate-gifts/corporate-gifts-bangalore/
Nalanda Enterprises - Corporate Gifting India,City - Bangalore,corporate gifting bengaluru,Exact,50,https://corporategiftingindia.co/corporate-gifts/corporate-gifts-bangalore/
Nalanda Enterprises - Corporate Gifting India,City - Bangalore,corporate gifting bengaluru,Phrase,40,https://corporategiftingindia.co/corporate-gifts/corporate-gifts-bangalore/
Nalanda Enterprises - Corporate Gifting India,City - Bangalore,office gifts bangalore bulk,Exact,50,https://corporategiftingindia.co/corporate-gifts/corporate-gifts-bangalore/
Nalanda Enterprises - Corporate Gifting India,City - Bangalore,office gifts bangalore bulk,Phrase,40,https://corporategiftingindia.co/corporate-gifts/corporate-gifts-bangalore/
Nalanda Enterprises - Corporate Gifting India,City - Bangalore,diwali gifts bangalore companies,Exact,55,https://corporategiftingindia.co/corporate-gifts/corporate-gifts-bangalore/
Nalanda Enterprises - Corporate Gifting India,City - Bangalore,diwali gifts bangalore companies,Phrase,45,https://corporategiftingindia.co/corporate-gifts/corporate-gifts-bangalore/
Nalanda Enterprises - Corporate Gifting India,City - Bangalore,corporate gift supplier bangalore,Exact,50,https://corporategiftingindia.co/corporate-gifts/corporate-gifts-bangalore/
Nalanda Enterprises - Corporate Gifting India,City - Bangalore,corporate gift supplier bangalore,Phrase,40,https://corporategiftingindia.co/corporate-gifts/corporate-gifts-bangalore/
Nalanda Enterprises - Corporate Gifting India,City - Hyderabad,corporate gifts hyderabad,Exact,50,https://corporategiftingindia.co/corporate-gifts/corporate-gifts-hyderabad/
Nalanda Enterprises - Corporate Gifting India,City - Hyderabad,corporate gifts hyderabad,Phrase,40,https://corporategiftingindia.co/corporate-gifts/corporate-gifts-hyderabad/
Nalanda Enterprises - Corporate Gifting India,City - Hyderabad,bulk corporate gifts hyderabad,Exact,50,https://corporategiftingindia.co/corporate-gifts/corporate-gifts-hyderabad/
Nalanda Enterprises - Corporate Gifting India,City - Hyderabad,bulk corporate gifts hyderabad,Phrase,40,https://corporategiftingindia.co/corporate-gifts/corporate-gifts-hyderabad/
Nalanda Enterprises - Corporate Gifting India,City - Hyderabad,corporate gifting hyderabad,Exact,50,https://corporategiftingindia.co/corporate-gifts/corporate-gifts-hyderabad/
Nalanda Enterprises - Corporate Gifting India,City - Hyderabad,corporate gifting hyderabad,Phrase,40,https://corporategiftingindia.co/corporate-gifts/corporate-gifts-hyderabad/
Nalanda Enterprises - Corporate Gifting India,City - Hyderabad,office gifts hyderabad,Exact,50,https://corporategiftingindia.co/corporate-gifts/corporate-gifts-hyderabad/
Nalanda Enterprises - Corporate Gifting India,City - Hyderabad,office gifts hyderabad,Phrase,40,https://corporategiftingindia.co/corporate-gifts/corporate-gifts-hyderabad/
Nalanda Enterprises - Corporate Gifting India,City - Hyderabad,diwali gifts hyderabad companies,Exact,55,https://corporategiftingindia.co/corporate-gifts/corporate-gifts-hyderabad/
Nalanda Enterprises - Corporate Gifting India,City - Hyderabad,diwali gifts hyderabad companies,Phrase,45,https://corporategiftingindia.co/corporate-gifts/corporate-gifts-hyderabad/
Nalanda Enterprises - Corporate Gifting India,City - Pune,corporate gifts pune,Exact,50,https://corporategiftingindia.co/corporate-gifts/corporate-gifts-pune/
Nalanda Enterprises - Corporate Gifting India,City - Pune,corporate gifts pune,Phrase,40,https://corporategiftingindia.co/corporate-gifts/corporate-gifts-pune/
Nalanda Enterprises - Corporate Gifting India,City - Pune,bulk corporate gifts pune,Exact,50,https://corporategiftingindia.co/corporate-gifts/corporate-gifts-pune/
Nalanda Enterprises - Corporate Gifting India,City - Pune,bulk corporate gifts pune,Phrase,40,https://corporategiftingindia.co/corporate-gifts/corporate-gifts-pune/
Nalanda Enterprises - Corporate Gifting India,City - Pune,corporate gifting pune,Exact,50,https://corporategiftingindia.co/corporate-gifts/corporate-gifts-pune/
Nalanda Enterprises - Corporate Gifting India,City - Pune,corporate gifting pune,Phrase,40,https://corporategiftingindia.co/corporate-gifts/corporate-gifts-pune/
Nalanda Enterprises - Corporate Gifting India,City - Pune,office gifts pune bulk,Exact,50,https://corporategiftingindia.co/corporate-gifts/corporate-gifts-pune/
Nalanda Enterprises - Corporate Gifting India,City - Pune,office gifts pune bulk,Phrase,40,https://corporategiftingindia.co/corporate-gifts/corporate-gifts-pune/
Nalanda Enterprises - Corporate Gifting India,City - Pune,diwali gifts pune companies,Exact,55,https://corporategiftingindia.co/corporate-gifts/corporate-gifts-pune/
Nalanda Enterprises - Corporate Gifting India,City - Pune,diwali gifts pune companies,Phrase,45,https://corporategiftingindia.co/corporate-gifts/corporate-gifts-pune/
Nalanda Enterprises - Corporate Gifting India,City - Chennai,corporate gifts chennai,Exact,50,https://corporategiftingindia.co/corporate-gifts/corporate-gifts-chennai/
Nalanda Enterprises - Corporate Gifting India,City - Chennai,corporate gifts chennai,Phrase,40,https://corporategiftingindia.co/corporate-gifts/corporate-gifts-chennai/
Nalanda Enterprises - Corporate Gifting India,City - Chennai,bulk corporate gifts chennai,Exact,50,https://corporategiftingindia.co/corporate-gifts/corporate-gifts-chennai/
Nalanda Enterprises - Corporate Gifting India,City - Chennai,bulk corporate gifts chennai,Phrase,40,https://corporategiftingindia.co/corporate-gifts/corporate-gifts-chennai/
Nalanda Enterprises - Corporate Gifting India,City - Chennai,corporate gifting chennai,Exact,50,https://corporategiftingindia.co/corporate-gifts/corporate-gifts-chennai/
Nalanda Enterprises - Corporate Gifting India,City - Chennai,corporate gifting chennai,Phrase,40,https://corporategiftingindia.co/corporate-gifts/corporate-gifts-chennai/
Nalanda Enterprises - Corporate Gifting India,City - Chennai,office gifts chennai,Exact,50,https://corporategiftingindia.co/corporate-gifts/corporate-gifts-chennai/
Nalanda Enterprises - Corporate Gifting India,City - Chennai,office gifts chennai,Phrase,40,https://corporategiftingindia.co/corporate-gifts/corporate-gifts-chennai/
Nalanda Enterprises - Corporate Gifting India,City - Chennai,diwali gifts chennai companies,Exact,55,https://corporategiftingindia.co/corporate-gifts/corporate-gifts-chennai/
Nalanda Enterprises - Corporate Gifting India,City - Chennai,diwali gifts chennai companies,Phrase,45,https://corporategiftingindia.co/corporate-gifts/corporate-gifts-chennai/
Nalanda Enterprises - Corporate Gifting India,City - Chandigarh,corporate gifts chandigarh,Exact,50,https://corporategiftingindia.co/corporate-gifts/corporate-gifts-chandigarh/
Nalanda Enterprises - Corporate Gifting India,City - Chandigarh,corporate gifts chandigarh,Phrase,40,https://corporategiftingindia.co/corporate-gifts/corporate-gifts-chandigarh/
Nalanda Enterprises - Corporate Gifting India,City - Chandigarh,bulk corporate gifts chandigarh,Exact,50,https://corporategiftingindia.co/corporate-gifts/corporate-gifts-chandigarh/
Nalanda Enterprises - Corporate Gifting India,City - Chandigarh,bulk corporate gifts chandigarh,Phrase,40,https://corporategiftingindia.co/corporate-gifts/corporate-gifts-chandigarh/
Nalanda Enterprises - Corporate Gifting India,City - Chandigarh,corporate gifting mohali,Exact,50,https://corporategiftingindia.co/corporate-gifts/corporate-gifts-chandigarh/
Nalanda Enterprises - Corporate Gifting India,City - Chandigarh,corporate gifting mohali,Phrase,40,https://corporategiftingindia.co/corporate-gifts/corporate-gifts-chandigarh/
Nalanda Enterprises - Corporate Gifting India,City - Chandigarh,corporate gifts panchkula,Exact,50,https://corporategiftingindia.co/corporate-gifts/corporate-gifts-chandigarh/
Nalanda Enterprises - Corporate Gifting India,City - Chandigarh,corporate gifts panchkula,Phrase,40,https://corporategiftingindia.co/corporate-gifts/corporate-gifts-chandigarh/
Nalanda Enterprises - Corporate Gifting India,City - Chandigarh,corporate gifts zirakpur,Exact,50,https://corporategiftingindia.co/corporate-gifts/corporate-gifts-chandigarh/
Nalanda Enterprises - Corporate Gifting India,City - Chandigarh,corporate gifts zirakpur,Phrase,40,https://corporategiftingindia.co/corporate-gifts/corporate-gifts-chandigarh/
Nalanda Enterprises - Corporate Gifting India,City - Chandigarh,office gifts tricity,Exact,50,https://corporategiftingindia.co/corporate-gifts/corporate-gifts-chandigarh/
Nalanda Enterprises - Corporate Gifting India,City - Chandigarh,office gifts tricity,Phrase,40,https://corporategiftingindia.co/corporate-gifts/corporate-gifts-chandigarh/
Nalanda Enterprises - Corporate Gifting India,City - Chandigarh,diwali gifts chandigarh bulk,Exact,55,https://corporategiftingindia.co/corporate-gifts/corporate-gifts-chandigarh/
Nalanda Enterprises - Corporate Gifting India,City - Chandigarh,diwali gifts chandigarh bulk,Phrase,45,https://corporategiftingindia.co/corporate-gifts/corporate-gifts-chandigarh/
Nalanda Enterprises - Corporate Gifting India,City - Ahmedabad,corporate gifts ahmedabad,Exact,50,https://corporategiftingindia.co/corporate-gifts/corporate-gifts-ahmedabad/
Nalanda Enterprises - Corporate Gifting India,City - Ahmedabad,corporate gifts ahmedabad,Phrase,40,https://corporategiftingindia.co/corporate-gifts/corporate-gifts-ahmedabad/
Nalanda Enterprises - Corporate Gifting India,City - Ahmedabad,bulk gifts ahmedabad,Exact,50,https://corporategiftingindia.co/corporate-gifts/corporate-gifts-ahmedabad/
Nalanda Enterprises - Corporate Gifting India,City - Ahmedabad,bulk gifts ahmedabad,Phrase,40,https://corporategiftingindia.co/corporate-gifts/corporate-gifts-ahmedabad/
Nalanda Enterprises - Corporate Gifting India,City - Ahmedabad,corporate gifting gujarat,Exact,50,https://corporategiftingindia.co/corporate-gifts/corporate-gifts-ahmedabad/
Nalanda Enterprises - Corporate Gifting India,City - Ahmedabad,corporate gifting gujarat,Phrase,40,https://corporategiftingindia.co/corporate-gifts/corporate-gifts-ahmedabad/
Nalanda Enterprises - Corporate Gifting India,City - Ahmedabad,diwali gifts ahmedabad,Exact,55,https://corporategiftingindia.co/corporate-gifts/corporate-gifts-ahmedabad/
Nalanda Enterprises - Corporate Gifting India,City - Ahmedabad,diwali gifts ahmedabad,Phrase,45,https://corporategiftingindia.co/corporate-gifts/corporate-gifts-ahmedabad/
Nalanda Enterprises - Corporate Gifting India,City - Ahmedabad,office gifts ahmedabad surat vadodara,Exact,50,https://corporategiftingindia.co/corporate-gifts/corporate-gifts-ahmedabad/
Nalanda Enterprises - Corporate Gifting India,City - Ahmedabad,office gifts ahmedabad surat vadodara,Phrase,40,https://corporategiftingindia.co/corporate-gifts/corporate-gifts-ahmedabad/
Nalanda Enterprises - Corporate Gifting India,City - Kolkata,corporate gifts kolkata,Exact,50,https://corporategiftingindia.co/corporate-gifts/corporate-gifts-kolkata/
Nalanda Enterprises - Corporate Gifting India,City - Kolkata,corporate gifts kolkata,Phrase,40,https://corporategiftingindia.co/corporate-gifts/corporate-gifts-kolkata/
Nalanda Enterprises - Corporate Gifting India,City - Kolkata,bulk corporate gifts kolkata,Exact,50,https://corporategiftingindia.co/corporate-gifts/corporate-gifts-kolkata/
Nalanda Enterprises - Corporate Gifting India,City - Kolkata,bulk corporate gifts kolkata,Phrase,40,https://corporategiftingindia.co/corporate-gifts/corporate-gifts-kolkata/
Nalanda Enterprises - Corporate Gifting India,City - Kolkata,corporate gifting west bengal,Exact,50,https://corporategiftingindia.co/corporate-gifts/corporate-gifts-kolkata/
Nalanda Enterprises - Corporate Gifting India,City - Kolkata,corporate gifting west bengal,Phrase,40,https://corporategiftingindia.co/corporate-gifts/corporate-gifts-kolkata/
Nalanda Enterprises - Corporate Gifting India,City - Kolkata,office gifts kolkata bulk,Exact,50,https://corporategiftingindia.co/corporate-gifts/corporate-gifts-kolkata/
Nalanda Enterprises - Corporate Gifting India,City - Kolkata,office gifts kolkata bulk,Phrase,40,https://corporategiftingindia.co/corporate-gifts/corporate-gifts-kolkata/
Nalanda Enterprises - Corporate Gifting India,City - Jaipur,corporate gifts jaipur,Exact,50,https://corporategiftingindia.co/corporate-gifts/corporate-gifts-jaipur/
Nalanda Enterprises - Corporate Gifting India,City - Jaipur,corporate gifts jaipur,Phrase,40,https://corporategiftingindia.co/corporate-gifts/corporate-gifts-jaipur/
Nalanda Enterprises - Corporate Gifting India,City - Jaipur,bulk gifts jaipur,Exact,50,https://corporategiftingindia.co/corporate-gifts/corporate-gifts-jaipur/
Nalanda Enterprises - Corporate Gifting India,City - Jaipur,bulk gifts jaipur,Phrase,40,https://corporategiftingindia.co/corporate-gifts/corporate-gifts-jaipur/
Nalanda Enterprises - Corporate Gifting India,City - Jaipur,corporate gifting rajasthan,Exact,50,https://corporategiftingindia.co/corporate-gifts/corporate-gifts-jaipur/
Nalanda Enterprises - Corporate Gifting India,City - Jaipur,corporate gifting rajasthan,Phrase,40,https://corporategiftingindia.co/corporate-gifts/corporate-gifts-jaipur/
Nalanda Enterprises - Corporate Gifting India,City - Jaipur,diwali gifts jaipur companies,Exact,55,https://corporategiftingindia.co/corporate-gifts/corporate-gifts-jaipur/
Nalanda Enterprises - Corporate Gifting India,City - Jaipur,diwali gifts jaipur companies,Phrase,45,https://corporategiftingindia.co/corporate-gifts/corporate-gifts-jaipur/
Nalanda Enterprises - Corporate Gifting India,Budget Under 500,corporate gifts under 500,Exact,40,https://corporategiftingindia.co/budget/under-500/
Nalanda Enterprises - Corporate Gifting India,Budget Under 500,corporate gifts under 500,Phrase,30,https://corporategiftingindia.co/budget/under-500/
Nalanda Enterprises - Corporate Gifting India,Budget Under 500,office gift under 500 rupees,Exact,40,https://corporategiftingindia.co/budget/under-500/
Nalanda Enterprises - Corporate Gifting India,Budget Under 500,office gift under 500 rupees,Phrase,30,https://corporategiftingindia.co/budget/under-500/
Nalanda Enterprises - Corporate Gifting India,Budget Under 500,bulk gift under 500 india,Exact,40,https://corporategiftingindia.co/budget/under-500/
Nalanda Enterprises - Corporate Gifting India,Budget Under 500,bulk gift under 500 india,Phrase,30,https://corporategiftingindia.co/budget/under-500/
Nalanda Enterprises - Corporate Gifting India,Budget Under 500,employee gifts under 500,Exact,40,https://corporategiftingindia.co/budget/under-500/
Nalanda Enterprises - Corporate Gifting India,Budget Under 500,employee gifts under 500,Phrase,30,https://corporategiftingindia.co/budget/under-500/
Nalanda Enterprises - Corporate Gifting India,Budget Under 500,gift under 500 for employees,Exact,40,https://corporategiftingindia.co/budget/under-500/
Nalanda Enterprises - Corporate Gifting India,Budget Under 500,gift under 500 for employees,Phrase,30,https://corporategiftingindia.co/budget/under-500/
Nalanda Enterprises - Corporate Gifting India,Budget Under 1000,corporate gifts under 1000,Exact,40,https://corporategiftingindia.co/budget/under-1000/
Nalanda Enterprises - Corporate Gifting India,Budget Under 1000,corporate gifts under 1000,Phrase,30,https://corporategiftingindia.co/budget/under-1000/
Nalanda Enterprises - Corporate Gifting India,Budget Under 1000,bulk gifts under 1000 rupees,Exact,40,https://corporategiftingindia.co/budget/under-1000/
Nalanda Enterprises - Corporate Gifting India,Budget Under 1000,bulk gifts under 1000 rupees,Phrase,30,https://corporategiftingindia.co/budget/under-1000/
Nalanda Enterprises - Corporate Gifting India,Budget Under 1000,office gift under 1000 india,Exact,40,https://corporategiftingindia.co/budget/under-1000/
Nalanda Enterprises - Corporate Gifting India,Budget Under 1000,office gift under 1000 india,Phrase,30,https://corporategiftingindia.co/budget/under-1000/
Nalanda Enterprises - Corporate Gifting India,Budget Under 1000,employee gift under 1000,Exact,40,https://corporategiftingindia.co/budget/under-1000/
Nalanda Enterprises - Corporate Gifting India,Budget Under 1000,employee gift under 1000,Phrase,30,https://corporategiftingindia.co/budget/under-1000/
Nalanda Enterprises - Corporate Gifting India,Budget Under 1000,diwali gift under 1000,Exact,40,https://corporategiftingindia.co/budget/under-1000/
Nalanda Enterprises - Corporate Gifting India,Budget Under 1000,diwali gift under 1000,Phrase,30,https://corporategiftingindia.co/budget/under-1000/
Nalanda Enterprises - Corporate Gifting India,Budget Under 2000,corporate gifts under 2000,Exact,40,https://corporategiftingindia.co/budget/under-2000/
Nalanda Enterprises - Corporate Gifting India,Budget Under 2000,corporate gifts under 2000,Phrase,30,https://corporategiftingindia.co/budget/under-2000/
Nalanda Enterprises - Corporate Gifting India,Budget Under 2000,bulk gifts under 2000 india,Exact,40,https://corporategiftingindia.co/budget/under-2000/
Nalanda Enterprises - Corporate Gifting India,Budget Under 2000,bulk gifts under 2000 india,Phrase,30,https://corporategiftingindia.co/budget/under-2000/
Nalanda Enterprises - Corporate Gifting India,Budget Under 2000,diwali gift under 2000 rupees,Exact,40,https://corporategiftingindia.co/budget/under-2000/
Nalanda Enterprises - Corporate Gifting India,Budget Under 2000,diwali gift under 2000 rupees,Phrase,30,https://corporategiftingindia.co/budget/under-2000/
Nalanda Enterprises - Corporate Gifting India,Budget Under 2000,employee gift under 2000,Exact,40,https://corporategiftingindia.co/budget/under-2000/
Nalanda Enterprises - Corporate Gifting India,Budget Under 2000,employee gift under 2000,Phrase,30,https://corporategiftingindia.co/budget/under-2000/
Nalanda Enterprises - Corporate Gifting India,Budget Under 2000,office gift budget 2000,Exact,40,https://corporategiftingindia.co/budget/under-2000/
Nalanda Enterprises - Corporate Gifting India,Budget Under 2000,office gift budget 2000,Phrase,30,https://corporategiftingindia.co/budget/under-2000/
Nalanda Enterprises - Corporate Gifting India,Budget 2000-3000,corporate gifts 2000 to 3000,Exact,40,https://corporategiftingindia.co/budget/2000-3000/
Nalanda Enterprises - Corporate Gifting India,Budget 2000-3000,corporate gifts 2000 to 3000,Phrase,30,https://corporategiftingindia.co/budget/2000-3000/
Nalanda Enterprises - Corporate Gifting India,Budget 2000-3000,gifts between 2000 3000 india,Exact,40,https://corporategiftingindia.co/budget/2000-3000/
Nalanda Enterprises - Corporate Gifting India,Budget 2000-3000,gifts between 2000 3000 india,Phrase,30,https://corporategiftingindia.co/budget/2000-3000/
Nalanda Enterprises - Corporate Gifting India,Budget 2000-3000,office gift 2500 rupees,Exact,40,https://corporategiftingindia.co/budget/2000-3000/
Nalanda Enterprises - Corporate Gifting India,Budget 2000-3000,office gift 2500 rupees,Phrase,30,https://corporategiftingindia.co/budget/2000-3000/
Nalanda Enterprises - Corporate Gifting India,Budget 2000-3000,employee gift 2000 3000,Exact,40,https://corporategiftingindia.co/budget/2000-3000/
Nalanda Enterprises - Corporate Gifting India,Budget 2000-3000,employee gift 2000 3000,Phrase,30,https://corporategiftingindia.co/budget/2000-3000/
Nalanda Enterprises - Corporate Gifting India,Budget Under 5000,corporate gifts under 5000,Exact,40,https://corporategiftingindia.co/budget/under-5000/
Nalanda Enterprises - Corporate Gifting India,Budget Under 5000,corporate gifts under 5000,Phrase,30,https://corporategiftingindia.co/budget/under-5000/
Nalanda Enterprises - Corporate Gifting India,Budget Under 5000,premium employee gift under 5000,Exact,40,https://corporategiftingindia.co/budget/under-5000/
Nalanda Enterprises - Corporate Gifting India,Budget Under 5000,premium employee gift under 5000,Phrase,30,https://corporategiftingindia.co/budget/under-5000/
Nalanda Enterprises - Corporate Gifting India,Budget Under 5000,executive gift 5000 india,Exact,40,https://corporategiftingindia.co/budget/under-5000/
Nalanda Enterprises - Corporate Gifting India,Budget Under 5000,executive gift 5000 india,Phrase,30,https://corporategiftingindia.co/budget/under-5000/
Nalanda Enterprises - Corporate Gifting India,Budget Under 5000,bulk gift under 5000 rupees,Exact,40,https://corporategiftingindia.co/budget/under-5000/
Nalanda Enterprises - Corporate Gifting India,Budget Under 5000,bulk gift under 5000 rupees,Phrase,30,https://corporategiftingindia.co/budget/under-5000/
Nalanda Enterprises - Corporate Gifting India,Budget Above 5000,premium corporate gifts above 5000,Exact,40,https://corporategiftingindia.co/budget/above-5000/
Nalanda Enterprises - Corporate Gifting India,Budget Above 5000,premium corporate gifts above 5000,Phrase,30,https://corporategiftingindia.co/budget/above-5000/
Nalanda Enterprises - Corporate Gifting India,Budget Above 5000,luxury gifts for executives,Exact,40,https://corporategiftingindia.co/budget/above-5000/
Nalanda Enterprises - Corporate Gifting India,Budget Above 5000,luxury gifts for executives,Phrase,30,https://corporategiftingindia.co/budget/above-5000/
Nalanda Enterprises - Corporate Gifting India,Budget Above 5000,high value employee gifts india,Exact,40,https://corporategiftingindia.co/budget/above-5000/
Nalanda Enterprises - Corporate Gifting India,Budget Above 5000,high value employee gifts india,Phrase,30,https://corporategiftingindia.co/budget/above-5000/
Nalanda Enterprises - Corporate Gifting India,Budget Above 5000,gifts above 5000 for clients,Exact,40,https://corporategiftingindia.co/budget/above-5000/
Nalanda Enterprises - Corporate Gifting India,Budget Above 5000,gifts above 5000 for clients,Phrase,30,https://corporategiftingindia.co/budget/above-5000/
Nalanda Enterprises - Corporate Gifting India,Diwali Gifting,diwali corporate gifts 2026,Exact,60,https://corporategiftingindia.co/blog/diwali-corporate-gifts-india/
Nalanda Enterprises - Corporate Gifting India,Diwali Gifting,diwali corporate gifts 2026,Phrase,50,https://corporategiftingindia.co/blog/diwali-corporate-gifts-india/
Nalanda Enterprises - Corporate Gifting India,Diwali Gifting,diwali office gifts india,Exact,60,https://corporategiftingindia.co/blog/diwali-corporate-gifts-india/
Nalanda Enterprises - Corporate Gifting India,Diwali Gifting,diwali office gifts india,Phrase,50,https://corporategiftingindia.co/blog/diwali-corporate-gifts-india/
Nalanda Enterprises - Corporate Gifting India,Diwali Gifting,diwali gifting ideas for employees,Exact,60,https://corporategiftingindia.co/blog/diwali-corporate-gifts-india/
Nalanda Enterprises - Corporate Gifting India,Diwali Gifting,diwali gifting ideas for employees,Phrase,50,https://corporategiftingindia.co/blog/diwali-corporate-gifts-india/
Nalanda Enterprises - Corporate Gifting India,Diwali Gifting,diwali gift hamper corporate india,Exact,60,https://corporategiftingindia.co/blog/diwali-corporate-gifts-india/
Nalanda Enterprises - Corporate Gifting India,Diwali Gifting,diwali gift hamper corporate india,Phrase,50,https://corporategiftingindia.co/blog/diwali-corporate-gifts-india/
Nalanda Enterprises - Corporate Gifting India,Diwali Gifting,best diwali gifts for employees 2026,Exact,60,https://corporategiftingindia.co/blog/diwali-corporate-gifts-india/
Nalanda Enterprises - Corporate Gifting India,Diwali Gifting,best diwali gifts for employees 2026,Phrase,50,https://corporategiftingindia.co/blog/diwali-corporate-gifts-india/
Nalanda Enterprises - Corporate Gifting India,Diwali Gifting,diwali bulk gift india,Exact,60,https://corporategiftingindia.co/blog/diwali-corporate-gifts-india/
Nalanda Enterprises - Corporate Gifting India,Diwali Gifting,diwali bulk gift india,Phrase,50,https://corporategiftingindia.co/blog/diwali-corporate-gifts-india/
Nalanda Enterprises - Corporate Gifting India,Diwali Gifting,diwali gifts for clients india,Exact,60,https://corporategiftingindia.co/blog/diwali-corporate-gifts-india/
Nalanda Enterprises - Corporate Gifting India,Diwali Gifting,diwali gifts for clients india,Phrase,50,https://corporategiftingindia.co/blog/diwali-corporate-gifts-india/
Nalanda Enterprises - Corporate Gifting India,Diwali Gifting,festive gifting india 2026,Exact,45,https://corporategiftingindia.co/blog/diwali-corporate-gifts-india/
Nalanda Enterprises - Corporate Gifting India,Diwali Gifting,festive gifting india 2026,Phrase,35,https://corporategiftingindia.co/blog/diwali-corporate-gifts-india/
Nalanda Enterprises - Corporate Gifting India,Diwali Gifting,corporate diwali hamper india,Exact,60,https://corporategiftingindia.co/blog/diwali-corporate-gifts-india/
Nalanda Enterprises - Corporate Gifting India,Diwali Gifting,corporate diwali hamper india,Phrase,50,https://corporategiftingindia.co/blog/diwali-corporate-gifts-india/
Nalanda Enterprises - Corporate Gifting India,Diwali Gifting,office diwali gift 2026,Exact,60,https://corporategiftingindia.co/blog/diwali-corporate-gifts-india/
Nalanda Enterprises - Corporate Gifting India,Diwali Gifting,office diwali gift 2026,Phrase,50,https://corporategiftingindia.co/blog/diwali-corporate-gifts-india/
Nalanda Enterprises - Corporate Gifting India,Diwali Gifting,employee diwali gift ideas,Exact,60,https://corporategiftingindia.co/blog/diwali-corporate-gifts-india/
Nalanda Enterprises - Corporate Gifting India,Diwali Gifting,employee diwali gift ideas,Phrase,50,https://corporategiftingindia.co/blog/diwali-corporate-gifts-india/
Nalanda Enterprises - Corporate Gifting India,Diwali Gifting,diwali gift for 100 employees,Exact,60,https://corporategiftingindia.co/blog/diwali-corporate-gifts-india/
Nalanda Enterprises - Corporate Gifting India,Diwali Gifting,diwali gift for 100 employees,Phrase,50,https://corporategiftingindia.co/blog/diwali-corporate-gifts-india/
Nalanda Enterprises - Corporate Gifting India,Diwali Gifting,diwali gift for 500 employees,Exact,60,https://corporategiftingindia.co/blog/diwali-corporate-gifts-india/
Nalanda Enterprises - Corporate Gifting India,Diwali Gifting,diwali gift for 500 employees,Phrase,50,https://corporategiftingindia.co/blog/diwali-corporate-gifts-india/
Nalanda Enterprises - Corporate Gifting India,Diwali Gifting,diwali gifts for dealers,Exact,60,https://corporategiftingindia.co/blog/diwali-corporate-gifts-india/
Nalanda Enterprises - Corporate Gifting India,Diwali Gifting,diwali gifts for dealers,Phrase,50,https://corporategiftingindia.co/blog/diwali-corporate-gifts-india/
Nalanda Enterprises - Corporate Gifting India,Employee Gifting,employee gift ideas india,Exact,45,https://corporategiftingindia.co/blog/corporate-gifting-ideas-employees-india/
Nalanda Enterprises - Corporate Gifting India,Employee Gifting,employee gift ideas india,Phrase,35,https://corporategiftingindia.co/blog/corporate-gifting-ideas-employees-india/
Nalanda Enterprises - Corporate Gifting India,Employee Gifting,employee appreciation gifts india,Exact,45,https://corporategiftingindia.co/blog/corporate-gifting-ideas-employees-india/
Nalanda Enterprises - Corporate Gifting India,Employee Gifting,employee appreciation gifts india,Phrase,35,https://corporategiftingindia.co/blog/corporate-gifting-ideas-employees-india/
Nalanda Enterprises - Corporate Gifting India,Employee Gifting,staff gifts india bulk,Exact,45,https://corporategiftingindia.co/blog/corporate-gifting-ideas-employees-india/
Nalanda Enterprises - Corporate Gifting India,Employee Gifting,staff gifts india bulk,Phrase,35,https://corporategiftingindia.co/blog/corporate-gifting-ideas-employees-india/
Nalanda Enterprises - Corporate Gifting India,Employee Gifting,employee recognition gifts india,Exact,45,https://corporategiftingindia.co/blog/corporate-gifting-ideas-employees-india/
Nalanda Enterprises - Corporate Gifting India,Employee Gifting,employee recognition gifts india,Phrase,35,https://corporategiftingindia.co/blog/corporate-gifting-ideas-employees-india/
Nalanda Enterprises - Corporate Gifting India,Employee Gifting,best gifts for employees india,Exact,45,https://corporategiftingindia.co/blog/corporate-gifting-ideas-employees-india/
Nalanda Enterprises - Corporate Gifting India,Employee Gifting,best gifts for employees india,Phrase,35,https://corporategiftingindia.co/blog/corporate-gifting-ideas-employees-india/
Nalanda Enterprises - Corporate Gifting India,Employee Gifting,onboarding gift kit india,Exact,45,https://corporategiftingindia.co/blog/corporate-gifting-ideas-employees-india/
Nalanda Enterprises - Corporate Gifting India,Employee Gifting,onboarding gift kit india,Phrase,35,https://corporategiftingindia.co/blog/corporate-gifting-ideas-employees-india/
Nalanda Enterprises - Corporate Gifting India,Employee Gifting,work anniversary gift india,Exact,45,https://corporategiftingindia.co/blog/corporate-gifting-ideas-employees-india/
Nalanda Enterprises - Corporate Gifting India,Employee Gifting,work anniversary gift india,Phrase,35,https://corporategiftingindia.co/blog/corporate-gifting-ideas-employees-india/
Nalanda Enterprises - Corporate Gifting India,Employee Gifting,employee birthday gift india bulk,Exact,45,https://corporategiftingindia.co/blog/corporate-gifting-ideas-employees-india/
Nalanda Enterprises - Corporate Gifting India,Employee Gifting,employee birthday gift india bulk,Phrase,35,https://corporategiftingindia.co/blog/corporate-gifting-ideas-employees-india/
Nalanda Enterprises - Corporate Gifting India,Employee Gifting,new employee welcome kit india,Exact,45,https://corporategiftingindia.co/blog/corporate-gifting-ideas-employees-india/
Nalanda Enterprises - Corporate Gifting India,Employee Gifting,new employee welcome kit india,Phrase,35,https://corporategiftingindia.co/blog/corporate-gifting-ideas-employees-india/
Nalanda Enterprises - Corporate Gifting India,Employee Gifting,gifts for work from home employees india,Exact,45,https://corporategiftingindia.co/blog/corporate-gifting-ideas-employees-india/
Nalanda Enterprises - Corporate Gifting India,Employee Gifting,gifts for work from home employees india,Phrase,35,https://corporategiftingindia.co/blog/corporate-gifting-ideas-employees-india/
Nalanda Enterprises - Corporate Gifting India,Festive Season,festive corporate gifts india 2026,Exact,45,https://corporategiftingindia.co/corporate-gifts/festive-season-gifts-oct-nov-2026/
Nalanda Enterprises - Corporate Gifting India,Festive Season,festive corporate gifts india 2026,Phrase,35,https://corporategiftingindia.co/corporate-gifts/festive-season-gifts-oct-nov-2026/
Nalanda Enterprises - Corporate Gifting India,Festive Season,festive gifting oct nov 2026,Exact,45,https://corporategiftingindia.co/corporate-gifts/festive-season-gifts-oct-nov-2026/
Nalanda Enterprises - Corporate Gifting India,Festive Season,festive gifting oct nov 2026,Phrase,35,https://corporategiftingindia.co/corporate-gifts/festive-season-gifts-oct-nov-2026/
Nalanda Enterprises - Corporate Gifting India,Festive Season,navratri corporate gifts,Exact,45,https://corporategiftingindia.co/corporate-gifts/festive-season-gifts-oct-nov-2026/
Nalanda Enterprises - Corporate Gifting India,Festive Season,navratri corporate gifts,Phrase,35,https://corporategiftingindia.co/corporate-gifts/festive-season-gifts-oct-nov-2026/
Nalanda Enterprises - Corporate Gifting India,Festive Season,christmas corporate gifts india,Exact,45,https://corporategiftingindia.co/corporate-gifts/festive-season-gifts-oct-nov-2026/
Nalanda Enterprises - Corporate Gifting India,Festive Season,christmas corporate gifts india,Phrase,35,https://corporategiftingindia.co/corporate-gifts/festive-season-gifts-oct-nov-2026/
Nalanda Enterprises - Corporate Gifting India,Festive Season,new year 2027 corporate gifts,Exact,45,https://corporategiftingindia.co/corporate-gifts/festive-season-gifts-oct-nov-2026/
Nalanda Enterprises - Corporate Gifting India,Festive Season,new year 2027 corporate gifts,Phrase,35,https://corporategiftingindia.co/corporate-gifts/festive-season-gifts-oct-nov-2026/
Nalanda Enterprises - Corporate Gifting India,Festive Season,year end gifts for employees india,Exact,45,https://corporategiftingindia.co/corporate-gifts/festive-season-gifts-oct-nov-2026/
Nalanda Enterprises - Corporate Gifting India,Festive Season,year end gifts for employees india,Phrase,35,https://corporategiftingindia.co/corporate-gifts/festive-season-gifts-oct-nov-2026/
Nalanda Enterprises - Corporate Gifting India,IT Industry,corporate gifts it company india,Exact,40,https://corporategiftingindia.co/corporate-gifts/it-company-corporate-gifts/
Nalanda Enterprises - Corporate Gifting India,IT Industry,corporate gifts it company india,Phrase,30,https://corporategiftingindia.co/corporate-gifts/it-company-corporate-gifts/
Nalanda Enterprises - Corporate Gifting India,IT Industry,office gifts tech company india,Exact,40,https://corporategiftingindia.co/corporate-gifts/it-company-corporate-gifts/
Nalanda Enterprises - Corporate Gifting India,IT Industry,office gifts tech company india,Phrase,30,https://corporategiftingindia.co/corporate-gifts/it-company-corporate-gifts/
Nalanda Enterprises - Corporate Gifting India,IT Industry,employee gifts it sector,Exact,40,https://corporategiftingindia.co/corporate-gifts/it-company-corporate-gifts/
Nalanda Enterprises - Corporate Gifting India,IT Industry,employee gifts it sector,Phrase,30,https://corporategiftingindia.co/corporate-gifts/it-company-corporate-gifts/
Nalanda Enterprises - Corporate Gifting India,IT Industry,bulk gifts software company india,Exact,40,https://corporategiftingindia.co/corporate-gifts/it-company-corporate-gifts/
Nalanda Enterprises - Corporate Gifting India,IT Industry,bulk gifts software company india,Phrase,30,https://corporategiftingindia.co/corporate-gifts/it-company-corporate-gifts/
Nalanda Enterprises - Corporate Gifting India,IT Industry,corporate gifting IT MNC,Exact,40,https://corporategiftingindia.co/corporate-gifts/it-company-corporate-gifts/
Nalanda Enterprises - Corporate Gifting India,IT Industry,corporate gifting IT MNC,Phrase,30,https://corporategiftingindia.co/corporate-gifts/it-company-corporate-gifts/
Nalanda Enterprises - Corporate Gifting India,IT Industry,gifts for IT employees india,Exact,40,https://corporategiftingindia.co/corporate-gifts/it-company-corporate-gifts/
Nalanda Enterprises - Corporate Gifting India,IT Industry,gifts for IT employees india,Phrase,30,https://corporategiftingindia.co/corporate-gifts/it-company-corporate-gifts/
Nalanda Enterprises - Corporate Gifting India,IT Industry,tech company employee gifts india,Exact,40,https://corporategiftingindia.co/corporate-gifts/it-company-corporate-gifts/
Nalanda Enterprises - Corporate Gifting India,IT Industry,tech company employee gifts india,Phrase,30,https://corporategiftingindia.co/corporate-gifts/it-company-corporate-gifts/
Nalanda Enterprises - Corporate Gifting India,IT Industry,bangalore IT company gifts,Exact,40,https://corporategiftingindia.co/corporate-gifts/it-company-corporate-gifts/
Nalanda Enterprises - Corporate Gifting India,IT Industry,bangalore IT company gifts,Phrase,30,https://corporategiftingindia.co/corporate-gifts/it-company-corporate-gifts/
Nalanda Enterprises - Corporate Gifting India,BFSI Industry,corporate gifts bank employees india,Exact,40,https://corporategiftingindia.co/corporate-gifts/bfsi-corporate-gifts/
Nalanda Enterprises - Corporate Gifting India,BFSI Industry,corporate gifts bank employees india,Phrase,30,https://corporategiftingindia.co/corporate-gifts/bfsi-corporate-gifts/
Nalanda Enterprises - Corporate Gifting India,BFSI Industry,insurance company employee gifts,Exact,40,https://corporategiftingindia.co/corporate-gifts/bfsi-corporate-gifts/
Nalanda Enterprises - Corporate Gifting India,BFSI Industry,insurance company employee gifts,Phrase,30,https://corporategiftingindia.co/corporate-gifts/bfsi-corporate-gifts/
Nalanda Enterprises - Corporate Gifting India,BFSI Industry,gifts for financial sector,Exact,40,https://corporategiftingindia.co/corporate-gifts/bfsi-corporate-gifts/
Nalanda Enterprises - Corporate Gifting India,BFSI Industry,gifts for financial sector,Phrase,30,https://corporategiftingindia.co/corporate-gifts/bfsi-corporate-gifts/
Nalanda Enterprises - Corporate Gifting India,BFSI Industry,bank staff gifts bulk india,Exact,40,https://corporategiftingindia.co/corporate-gifts/bfsi-corporate-gifts/
Nalanda Enterprises - Corporate Gifting India,BFSI Industry,bank staff gifts bulk india,Phrase,30,https://corporategiftingindia.co/corporate-gifts/bfsi-corporate-gifts/
Nalanda Enterprises - Corporate Gifting India,BFSI Industry,BFSI corporate gifting india,Exact,40,https://corporategiftingindia.co/corporate-gifts/bfsi-corporate-gifts/
Nalanda Enterprises - Corporate Gifting India,BFSI Industry,BFSI corporate gifting india,Phrase,30,https://corporategiftingindia.co/corporate-gifts/bfsi-corporate-gifts/
Nalanda Enterprises - Corporate Gifting India,BFSI Industry,gifts for banking employees india,Exact,40,https://corporategiftingindia.co/corporate-gifts/bfsi-corporate-gifts/
Nalanda Enterprises - Corporate Gifting India,BFSI Industry,gifts for banking employees india,Phrase,30,https://corporategiftingindia.co/corporate-gifts/bfsi-corporate-gifts/
Nalanda Enterprises - Corporate Gifting India,Pharma Industry,pharma field force gifts,Exact,40,https://corporategiftingindia.co/blog/corporate-gifting-pharma-fmcg-field-force/
Nalanda Enterprises - Corporate Gifting India,Pharma Industry,pharma field force gifts,Phrase,30,https://corporategiftingindia.co/blog/corporate-gifting-pharma-fmcg-field-force/
Nalanda Enterprises - Corporate Gifting India,Pharma Industry,medical rep gifts india,Exact,40,https://corporategiftingindia.co/blog/corporate-gifting-pharma-fmcg-field-force/
Nalanda Enterprises - Corporate Gifting India,Pharma Industry,medical rep gifts india,Phrase,30,https://corporategiftingindia.co/blog/corporate-gifting-pharma-fmcg-field-force/
Nalanda Enterprises - Corporate Gifting India,Pharma Industry,pharma employee gifts bulk,Exact,40,https://corporategiftingindia.co/blog/corporate-gifting-pharma-fmcg-field-force/
Nalanda Enterprises - Corporate Gifting India,Pharma Industry,pharma employee gifts bulk,Phrase,30,https://corporategiftingindia.co/blog/corporate-gifting-pharma-fmcg-field-force/
Nalanda Enterprises - Corporate Gifting India,Pharma Industry,gifts for pharma MR india,Exact,40,https://corporategiftingindia.co/blog/corporate-gifting-pharma-fmcg-field-force/
Nalanda Enterprises - Corporate Gifting India,Pharma Industry,gifts for pharma MR india,Phrase,30,https://corporategiftingindia.co/blog/corporate-gifting-pharma-fmcg-field-force/
Nalanda Enterprises - Corporate Gifting India,Pharma Industry,pharmaceutical corporate gifts,Exact,40,https://corporategiftingindia.co/blog/corporate-gifting-pharma-fmcg-field-force/
Nalanda Enterprises - Corporate Gifting India,Pharma Industry,pharmaceutical corporate gifts,Phrase,30,https://corporategiftingindia.co/blog/corporate-gifting-pharma-fmcg-field-force/
Nalanda Enterprises - Corporate Gifting India,Pharma Industry,FMCG field force gifts india,Exact,40,https://corporategiftingindia.co/blog/corporate-gifting-pharma-fmcg-field-force/
Nalanda Enterprises - Corporate Gifting India,Pharma Industry,FMCG field force gifts india,Phrase,30,https://corporategiftingindia.co/blog/corporate-gifting-pharma-fmcg-field-force/
Nalanda Enterprises - Corporate Gifting India,Manufacturing,corporate gifts manufacturing company,Exact,40,https://corporategiftingindia.co/corporate-gifts/manufacturing-sector-corporate-gifts/
Nalanda Enterprises - Corporate Gifting India,Manufacturing,corporate gifts manufacturing company,Phrase,30,https://corporategiftingindia.co/corporate-gifts/manufacturing-sector-corporate-gifts/
Nalanda Enterprises - Corporate Gifting India,Manufacturing,factory employee gifts india,Exact,40,https://corporategiftingindia.co/corporate-gifts/manufacturing-sector-corporate-gifts/
Nalanda Enterprises - Corporate Gifting India,Manufacturing,factory employee gifts india,Phrase,30,https://corporategiftingindia.co/corporate-gifts/manufacturing-sector-corporate-gifts/
Nalanda Enterprises - Corporate Gifting India,Manufacturing,plant staff gifts bulk,Exact,40,https://corporategiftingindia.co/corporate-gifts/manufacturing-sector-corporate-gifts/
Nalanda Enterprises - Corporate Gifting India,Manufacturing,plant staff gifts bulk,Phrase,30,https://corporategiftingindia.co/corporate-gifts/manufacturing-sector-corporate-gifts/
Nalanda Enterprises - Corporate Gifting India,Manufacturing,manufacturing employee gifting india,Exact,40,https://corporategiftingindia.co/corporate-gifts/manufacturing-sector-corporate-gifts/
Nalanda Enterprises - Corporate Gifting India,Manufacturing,manufacturing employee gifting india,Phrase,30,https://corporategiftingindia.co/corporate-gifts/manufacturing-sector-corporate-gifts/
Nalanda Enterprises - Corporate Gifting India,Manufacturing,industrial sector gifts india,Exact,40,https://corporategiftingindia.co/corporate-gifts/manufacturing-sector-corporate-gifts/
Nalanda Enterprises - Corporate Gifting India,Manufacturing,industrial sector gifts india,Phrase,30,https://corporategiftingindia.co/corporate-gifts/manufacturing-sector-corporate-gifts/
Nalanda Enterprises - Corporate Gifting India,Audio Gifts,wireless earbuds corporate gift india,Exact,40,https://corporategiftingindia.co/corporate-gifts/audio-gifts/
Nalanda Enterprises - Corporate Gifting India,Audio Gifts,wireless earbuds corporate gift india,Phrase,30,https://corporategiftingindia.co/corporate-gifts/audio-gifts/
Nalanda Enterprises - Corporate Gifting India,Audio Gifts,bluetooth earphones bulk india,Exact,40,https://corporategiftingindia.co/corporate-gifts/audio-gifts/
Nalanda Enterprises - Corporate Gifting India,Audio Gifts,bluetooth earphones bulk india,Phrase,30,https://corporategiftingindia.co/corporate-gifts/audio-gifts/
Nalanda Enterprises - Corporate Gifting India,Audio Gifts,wireless headphones office gift,Exact,40,https://corporategiftingindia.co/corporate-gifts/audio-gifts/
Nalanda Enterprises - Corporate Gifting India,Audio Gifts,wireless headphones office gift,Phrase,30,https://corporategiftingindia.co/corporate-gifts/audio-gifts/
Nalanda Enterprises - Corporate Gifting India,Audio Gifts,tws earbuds bulk order india,Exact,40,https://corporategiftingindia.co/corporate-gifts/audio-gifts/
Nalanda Enterprises - Corporate Gifting India,Audio Gifts,tws earbuds bulk order india,Phrase,30,https://corporategiftingindia.co/corporate-gifts/audio-gifts/
Nalanda Enterprises - Corporate Gifting India,Audio Gifts,audio gifts corporate india,Exact,40,https://corporategiftingindia.co/corporate-gifts/audio-gifts/
Nalanda Enterprises - Corporate Gifting India,Audio Gifts,audio gifts corporate india,Phrase,30,https://corporategiftingindia.co/corporate-gifts/audio-gifts/
Nalanda Enterprises - Corporate Gifting India,Audio Gifts,bluetooth speaker office gift,Exact,40,https://corporategiftingindia.co/corporate-gifts/audio-gifts/
Nalanda Enterprises - Corporate Gifting India,Audio Gifts,bluetooth speaker office gift,Phrase,30,https://corporategiftingindia.co/corporate-gifts/audio-gifts/
Nalanda Enterprises - Corporate Gifting India,Audio Gifts,neckband earphones bulk india,Exact,40,https://corporategiftingindia.co/corporate-gifts/audio-gifts/
Nalanda Enterprises - Corporate Gifting India,Audio Gifts,neckband earphones bulk india,Phrase,30,https://corporategiftingindia.co/corporate-gifts/audio-gifts/
Nalanda Enterprises - Corporate Gifting India,Smartwatch Gifts,smartwatch corporate gift india,Exact,40,https://corporategiftingindia.co/corporate-gifts/smartwatch-gifts/
Nalanda Enterprises - Corporate Gifting India,Smartwatch Gifts,smartwatch corporate gift india,Phrase,30,https://corporategiftingindia.co/corporate-gifts/smartwatch-gifts/
Nalanda Enterprises - Corporate Gifting India,Smartwatch Gifts,smartwatch bulk order india,Exact,40,https://corporategiftingindia.co/corporate-gifts/smartwatch-gifts/
Nalanda Enterprises - Corporate Gifting India,Smartwatch Gifts,smartwatch bulk order india,Phrase,30,https://corporategiftingindia.co/corporate-gifts/smartwatch-gifts/
Nalanda Enterprises - Corporate Gifting India,Smartwatch Gifts,fitness band office gift,Exact,40,https://corporategiftingindia.co/corporate-gifts/smartwatch-gifts/
Nalanda Enterprises - Corporate Gifting India,Smartwatch Gifts,fitness band office gift,Phrase,30,https://corporategiftingindia.co/corporate-gifts/smartwatch-gifts/
Nalanda Enterprises - Corporate Gifting India,Smartwatch Gifts,smart band corporate gifting,Exact,40,https://corporategiftingindia.co/corporate-gifts/smartwatch-gifts/
Nalanda Enterprises - Corporate Gifting India,Smartwatch Gifts,smart band corporate gifting,Phrase,30,https://corporategiftingindia.co/corporate-gifts/smartwatch-gifts/
Nalanda Enterprises - Corporate Gifting India,Smartwatch Gifts,activity tracker bulk india,Exact,40,https://corporategiftingindia.co/corporate-gifts/smartwatch-gifts/
Nalanda Enterprises - Corporate Gifting India,Smartwatch Gifts,activity tracker bulk india,Phrase,30,https://corporategiftingindia.co/corporate-gifts/smartwatch-gifts/
Nalanda Enterprises - Corporate Gifting India,Smartwatch Gifts,watch gift for employees india,Exact,40,https://corporategiftingindia.co/corporate-gifts/smartwatch-gifts/
Nalanda Enterprises - Corporate Gifting India,Smartwatch Gifts,watch gift for employees india,Phrase,30,https://corporategiftingindia.co/corporate-gifts/smartwatch-gifts/
Nalanda Enterprises - Corporate Gifting India,Home Appliance Gifts,home appliance corporate gift india,Exact,40,https://corporategiftingindia.co/corporate-gifts/home-appliance-gifts/
Nalanda Enterprises - Corporate Gifting India,Home Appliance Gifts,home appliance corporate gift india,Phrase,30,https://corporategiftingindia.co/corporate-gifts/home-appliance-gifts/
Nalanda Enterprises - Corporate Gifting India,Home Appliance Gifts,sandwich maker bulk order,Exact,40,https://corporategiftingindia.co/corporate-gifts/home-appliance-gifts/
Nalanda Enterprises - Corporate Gifting India,Home Appliance Gifts,sandwich maker bulk order,Phrase,30,https://corporategiftingindia.co/corporate-gifts/home-appliance-gifts/
Nalanda Enterprises - Corporate Gifting India,Home Appliance Gifts,hand blender office gift,Exact,40,https://corporategiftingindia.co/corporate-gifts/home-appliance-gifts/
Nalanda Enterprises - Corporate Gifting India,Home Appliance Gifts,hand blender office gift,Phrase,30,https://corporategiftingindia.co/corporate-gifts/home-appliance-gifts/
Nalanda Enterprises - Corporate Gifting India,Home Appliance Gifts,electric kettle corporate gift,Exact,40,https://corporategiftingindia.co/corporate-gifts/home-appliance-gifts/
Nalanda Enterprises - Corporate Gifting India,Home Appliance Gifts,electric kettle corporate gift,Phrase,30,https://corporategiftingindia.co/corporate-gifts/home-appliance-gifts/
Nalanda Enterprises - Corporate Gifting India,Home Appliance Gifts,iron gift employee india,Exact,40,https://corporategiftingindia.co/corporate-gifts/home-appliance-gifts/
Nalanda Enterprises - Corporate Gifting India,Home Appliance Gifts,iron gift employee india,Phrase,30,https://corporategiftingindia.co/corporate-gifts/home-appliance-gifts/
Nalanda Enterprises - Corporate Gifting India,Home Appliance Gifts,mixer grinder corporate gift,Exact,40,https://corporategiftingindia.co/corporate-gifts/home-appliance-gifts/
Nalanda Enterprises - Corporate Gifting India,Home Appliance Gifts,mixer grinder corporate gift,Phrase,30,https://corporategiftingindia.co/corporate-gifts/home-appliance-gifts/
Nalanda Enterprises - Corporate Gifting India,Home Appliance Gifts,coffee maker office gift bulk india,Exact,40,https://corporategiftingindia.co/corporate-gifts/home-appliance-gifts/
Nalanda Enterprises - Corporate Gifting India,Home Appliance Gifts,coffee maker office gift bulk india,Phrase,30,https://corporategiftingindia.co/corporate-gifts/home-appliance-gifts/
Nalanda Enterprises - Corporate Gifting India,Home Appliance Gifts,induction cooktop corporate gift,Exact,40,https://corporategiftingindia.co/corporate-gifts/home-appliance-gifts/
Nalanda Enterprises - Corporate Gifting India,Home Appliance Gifts,induction cooktop corporate gift,Phrase,30,https://corporategiftingindia.co/corporate-gifts/home-appliance-gifts/
Nalanda Enterprises - Corporate Gifting India,Water Bottle Gifts,water bottle corporate gift india,Exact,40,https://corporategiftingindia.co/corporate-gifts/water-bottle-gifts/
Nalanda Enterprises - Corporate Gifting India,Water Bottle Gifts,water bottle corporate gift india,Phrase,30,https://corporategiftingindia.co/corporate-gifts/water-bottle-gifts/
Nalanda Enterprises - Corporate Gifting India,Water Bottle Gifts,insulated bottle bulk india,Exact,40,https://corporategiftingindia.co/corporate-gifts/water-bottle-gifts/
Nalanda Enterprises - Corporate Gifting India,Water Bottle Gifts,insulated bottle bulk india,Phrase,30,https://corporategiftingindia.co/corporate-gifts/water-bottle-gifts/
Nalanda Enterprises - Corporate Gifting India,Water Bottle Gifts,stainless steel bottle gift,Exact,40,https://corporategiftingindia.co/corporate-gifts/water-bottle-gifts/
Nalanda Enterprises - Corporate Gifting India,Water Bottle Gifts,stainless steel bottle gift,Phrase,30,https://corporategiftingindia.co/corporate-gifts/water-bottle-gifts/
Nalanda Enterprises - Corporate Gifting India,Water Bottle Gifts,thermos corporate gift india,Exact,40,https://corporategiftingindia.co/corporate-gifts/water-bottle-gifts/
Nalanda Enterprises - Corporate Gifting India,Water Bottle Gifts,thermos corporate gift india,Phrase,30,https://corporategiftingindia.co/corporate-gifts/water-bottle-gifts/
Nalanda Enterprises - Corporate Gifting India,Water Bottle Gifts,flask bulk order india,Exact,40,https://corporategiftingindia.co/corporate-gifts/water-bottle-gifts/
Nalanda Enterprises - Corporate Gifting India,Water Bottle Gifts,flask bulk order india,Phrase,30,https://corporategiftingindia.co/corporate-gifts/water-bottle-gifts/
Nalanda Enterprises - Corporate Gifting India,Water Bottle Gifts,sipper bottle office gift,Exact,40,https://corporategiftingindia.co/corporate-gifts/water-bottle-gifts/
Nalanda Enterprises - Corporate Gifting India,Water Bottle Gifts,sipper bottle office gift,Phrase,30,https://corporategiftingindia.co/corporate-gifts/water-bottle-gifts/
Nalanda Enterprises - Corporate Gifting India,Travel & Bag Gifts,laptop bag corporate gift india,Exact,40,https://corporategiftingindia.co/corporate-gifts/travel-accessories-gifts/
Nalanda Enterprises - Corporate Gifting India,Travel & Bag Gifts,laptop bag corporate gift india,Phrase,30,https://corporategiftingindia.co/corporate-gifts/travel-accessories-gifts/
Nalanda Enterprises - Corporate Gifting India,Travel & Bag Gifts,backpack bulk order india,Exact,40,https://corporategiftingindia.co/corporate-gifts/travel-accessories-gifts/
Nalanda Enterprises - Corporate Gifting India,Travel & Bag Gifts,backpack bulk order india,Phrase,30,https://corporategiftingindia.co/corporate-gifts/travel-accessories-gifts/
Nalanda Enterprises - Corporate Gifting India,Travel & Bag Gifts,travel kit office gift,Exact,40,https://corporategiftingindia.co/corporate-gifts/travel-accessories-gifts/
Nalanda Enterprises - Corporate Gifting India,Travel & Bag Gifts,travel kit office gift,Phrase,30,https://corporategiftingindia.co/corporate-gifts/travel-accessories-gifts/
Nalanda Enterprises - Corporate Gifting India,Travel & Bag Gifts,trolley bag corporate gift,Exact,40,https://corporategiftingindia.co/corporate-gifts/travel-accessories-gifts/
Nalanda Enterprises - Corporate Gifting India,Travel & Bag Gifts,trolley bag corporate gift,Phrase,30,https://corporategiftingindia.co/corporate-gifts/travel-accessories-gifts/
Nalanda Enterprises - Corporate Gifting India,Travel & Bag Gifts,tote bag bulk gifting india,Exact,40,https://corporategiftingindia.co/corporate-gifts/travel-accessories-gifts/
Nalanda Enterprises - Corporate Gifting India,Travel & Bag Gifts,tote bag bulk gifting india,Phrase,30,https://corporategiftingindia.co/corporate-gifts/travel-accessories-gifts/
Nalanda Enterprises - Corporate Gifting India,Travel & Bag Gifts,gym bag office gift india,Exact,40,https://corporategiftingindia.co/corporate-gifts/travel-accessories-gifts/
Nalanda Enterprises - Corporate Gifting India,Travel & Bag Gifts,gym bag office gift india,Phrase,30,https://corporategiftingindia.co/corporate-gifts/travel-accessories-gifts/
Nalanda Enterprises - Corporate Gifting India,Stationery Gifts,stationery gift set corporate india,Exact,40,https://corporategiftingindia.co/corporate-gifts/stationery-gifts/
Nalanda Enterprises - Corporate Gifting India,Stationery Gifts,stationery gift set corporate india,Phrase,30,https://corporategiftingindia.co/corporate-gifts/stationery-gifts/
Nalanda Enterprises - Corporate Gifting India,Stationery Gifts,diary pen set corporate gift,Exact,40,https://corporategiftingindia.co/corporate-gifts/stationery-gifts/
Nalanda Enterprises - Corporate Gifting India,Stationery Gifts,diary pen set corporate gift,Phrase,30,https://corporategiftingindia.co/corporate-gifts/stationery-gifts/
Nalanda Enterprises - Corporate Gifting India,Stationery Gifts,pen drive bulk gift india,Exact,40,https://corporategiftingindia.co/corporate-gifts/stationery-gifts/
Nalanda Enterprises - Corporate Gifting India,Stationery Gifts,pen drive bulk gift india,Phrase,30,https://corporategiftingindia.co/corporate-gifts/stationery-gifts/
Nalanda Enterprises - Corporate Gifting India,Stationery Gifts,notebook pen corporate gift,Exact,40,https://corporategiftingindia.co/corporate-gifts/stationery-gifts/
Nalanda Enterprises - Corporate Gifting India,Stationery Gifts,notebook pen corporate gift,Phrase,30,https://corporategiftingindia.co/corporate-gifts/stationery-gifts/
Nalanda Enterprises - Corporate Gifting India,Stationery Gifts,desk organiser office gift,Exact,40,https://corporategiftingindia.co/corporate-gifts/stationery-gifts/
Nalanda Enterprises - Corporate Gifting India,Stationery Gifts,desk organiser office gift,Phrase,30,https://corporategiftingindia.co/corporate-gifts/stationery-gifts/
Nalanda Enterprises - Corporate Gifting India,Stationery Gifts,stationery kit bulk india,Exact,40,https://corporategiftingindia.co/corporate-gifts/stationery-gifts/
Nalanda Enterprises - Corporate Gifting India,Stationery Gifts,stationery kit bulk india,Phrase,30,https://corporategiftingindia.co/corporate-gifts/stationery-gifts/
Nalanda Enterprises - Corporate Gifting India,Generic - Brand & Core,corporate gifting india,Exact,70,https://corporategiftingindia.co/
Nalanda Enterprises - Corporate Gifting India,Generic - Brand & Core,corporate gifting india,Phrase,60,https://corporategiftingindia.co/
Nalanda Enterprises - Corporate Gifting India,Generic - Brand & Core,corporate gifting company india,Exact,65,https://corporategiftingindia.co/
Nalanda Enterprises - Corporate Gifting India,Generic - Brand & Core,corporate gifting company india,Phrase,55,https://corporategiftingindia.co/
Nalanda Enterprises - Corporate Gifting India,Generic - Brand & Core,corporate gifts india,Exact,65,https://corporategiftingindia.co/
Nalanda Enterprises - Corporate Gifting India,Generic - Brand & Core,corporate gifts india,Phrase,55,https://corporategiftingindia.co/
Nalanda Enterprises - Corporate Gifting India,Generic - Brand & Core,corporate gift supplier india,Exact,60,https://corporategiftingindia.co/
Nalanda Enterprises - Corporate Gifting India,Generic - Brand & Core,corporate gift supplier india,Phrase,50,https://corporategiftingindia.co/
Nalanda Enterprises - Corporate Gifting India,Generic - Brand & Core,bulk corporate gifts india,Exact,55,https://corporategiftingindia.co/
Nalanda Enterprises - Corporate Gifting India,Generic - Brand & Core,bulk corporate gifts india,Phrase,45,https://corporategiftingindia.co/
Nalanda Enterprises - Corporate Gifting India,Generic - Brand & Core,bulk gifting india,Phrase,50,https://corporategiftingindia.co/
Nalanda Enterprises - Corporate Gifting India,Generic - Brand & Core,corporate gift ideas india 2026,Exact,55,https://corporategiftingindia.co/blog/corporate-gifting-ideas-by-budget-india/
Nalanda Enterprises - Corporate Gifting India,Generic - Brand & Core,corporate gift ideas india 2026,Phrase,45,https://corporategiftingindia.co/blog/corporate-gifting-ideas-by-budget-india/
Nalanda Enterprises - Corporate Gifting India,Generic - Brand & Core,how to buy corporate gifts india,Phrase,40,https://corporategiftingindia.co/blog/how-to-buy-bulk-corporate-gifts-india/
Nalanda Enterprises - Corporate Gifting India,Generic - Brand & Core,best corporate gifts india,Phrase,55,https://corporategiftingindia.co/
Nalanda Enterprises - Corporate Gifting India,Generic - Brand & Core,corporate gifting platform india,Exact,60,https://corporategiftingindia.co/
Nalanda Enterprises - Corporate Gifting India,Generic - Brand & Core,corporate gifting platform india,Phrase,50,https://corporategiftingindia.co/
Nalanda Enterprises - Corporate Gifting India,Generic - Brand & Core,corporate gift website india,Exact,60,https://corporategiftingindia.co/
Nalanda Enterprises - Corporate Gifting India,Generic - Brand & Core,corporate gift website india,Phrase,50,https://corporategiftingindia.co/
Nalanda Enterprises - Corporate Gifting India,Generic - Brand & Core,nalanda enterprises corporate gifts,Exact,20,https://corporategiftingindia.co/
Nalanda Enterprises - Corporate Gifting India,Generic - Brand & Core,nalanda enterprises corporate gifts,Phrase,10,https://corporategiftingindia.co/
Nalanda Enterprises - Corporate Gifting India,Generic - Brand & Core,corporategiftingindia,Exact,20,https://corporategiftingindia.co/
Nalanda Enterprises - Corporate Gifting India,Generic - Brand & Core,corporategiftingindia,Phrase,10,https://corporategiftingindia.co/
Nalanda Enterprises - Corporate Gifting India,Generic - Brand & Core,corporate gift vendor india,Phrase,50,https://corporategiftingindia.co/
Nalanda Enterprises - Corporate Gifting India,Generic - Brand & Core,pan india corporate gifting,Phrase,55,https://corporategiftingindia.co/
Nalanda Enterprises - Corporate Gifting India,Generic - Brand & Core,same day corporate gifts india,Exact,65,https://corporategiftingindia.co/
Nalanda Enterprises - Corporate Gifting India,Generic - Brand & Core,same day corporate gifts india,Phrase,55,https://corporategiftingindia.co/
Nalanda Enterprises - Corporate Gifting India,Generic - Brand & Core,last minute diwali gifts bulk,Exact,70,https://corporategiftingindia.co/blog/last-minute-diwali-corporate-gifts-2026/
Nalanda Enterprises - Corporate Gifting India,Generic - Brand & Core,last minute diwali gifts bulk,Phrase,60,https://corporategiftingindia.co/blog/last-minute-diwali-corporate-gifts-2026/
