Campaign,Ad Group,Keyword,Match Type,Level
Nalanda Enterprises - Corporate Gifting India,,free,Broad,Campaign
Nalanda Enterprises - Corporate Gifting India,,free gift,Broad,Campaign
Nalanda Enterprises - Corporate Gifting India,,free sample,Broad,Campaign
Nalanda Enterprises - Corporate Gifting India,,gift card,Broad,Campaign
Nalanda Enterprises - Corporate Gifting India,,gift voucher,Broad,Campaign
Nalanda Enterprises - Corporate Gifting India,,amazon,Broad,Campaign
Nalanda Enterprises - Corporate Gifting India,,flipkart,Broad,Campaign
Nalanda Enterprises - Corporate Gifting India,,myntra,Broad,Campaign
Nalanda Enterprises - Corporate Gifting India,,meesho,Broad,Campaign
Nalanda Enterprises - Corporate Gifting India,,snapdeal,Broad,Campaign
Nalanda Enterprises - Corporate Gifting India,,jiomart,Broad,Campaign
Nalanda Enterprises - Corporate Gifting India,,swiggy instamart,Broad,Campaign
Nalanda Enterprises - Corporate Gifting India,,zepto,Broad,Campaign
Nalanda Enterprises - Corporate Gifting India,,blinkit,Broad,Campaign
Nalanda Enterprises - Corporate Gifting India,,birthday gift for girlfriend,Broad,Campaign
Nalanda Enterprises - Corporate Gifting India,,wedding gift ideas,Broad,Campaign
Nalanda Enterprises - Corporate Gifting India,,anniversary gift wife,Broad,Campaign
Nalanda Enterprises - Corporate Gifting India,,gift for mom,Broad,Campaign
Nalanda Enterprises - Corporate Gifting India,,gift for dad,Broad,Campaign
Nalanda Enterprises - Corporate Gifting India,,gift for friend,Broad,Campaign
Nalanda Enterprises - Corporate Gifting India,,valentines gift,Broad,Campaign
Nalanda Enterprises - Corporate Gifting India,,baby shower gift,Broad,Campaign
Nalanda Enterprises - Corporate Gifting India,,farewell gift friends,Broad,Campaign
Nalanda Enterprises - Corporate Gifting India,,return policy,Broad,Campaign
Nalanda Enterprises - Corporate Gifting India,,exchange,Broad,Campaign
Nalanda Enterprises - Corporate Gifting India,,complaint,Broad,Campaign
Nalanda Enterprises - Corporate Gifting India,,service center,Broad,Campaign
Nalanda Enterprises - Corporate Gifting India,,corporate gifting jobs,Broad,Campaign
Nalanda Enterprises - Corporate Gifting India,,jobs in gifting,Broad,Campaign
Nalanda Enterprises - Corporate Gifting India,,gifting company jobs,Broad,Campaign
Nalanda Enterprises - Corporate Gifting India,,homemade gifts,Broad,Campaign
Nalanda Enterprises - Corporate Gifting India,,diy corporate gifts,Broad,Campaign
Nalanda Enterprises - Corporate Gifting India,,handmade gifts,Broad,Campaign
Nalanda Enterprises - Corporate Gifting India,,titan watches retail,Broad,Campaign
Nalanda Enterprises - Corporate Gifting India,,tanishq,Broad,Campaign
Nalanda Enterprises - Corporate Gifting India,,malabar gold,Broad,Campaign
Nalanda Enterprises - Corporate Gifting India,,kalyan jewellers,Broad,Campaign
Nalanda Enterprises - Corporate Gifting India,,under 100,Broad,Campaign
Nalanda Enterprises - Corporate Gifting India,,gifts under 50 rupees,Broad,Campaign
Nalanda Enterprises - Corporate Gifting India,,free delivery under 200,Broad,Campaign
